Original_URL,Clean_Markdown_Path
https://www.kaleoalaska.org/sermons/topic/expository,"C:\Users\hotre\OneDrive\Desktop\Kaleo Website Bot\processed_content\Kaleo_Church_Anchorage,_AK__Expository.md"
https://www.kaleoalaska.org,"C:\Users\hotre\OneDrive\Desktop\Kaleo Website Bot\processed_content\Kaleo_Church_Anchorage,_AK.md"
https://www.kaleoalaska.org/sermons/sermon/2026-01-11/to-obey-is-better,"C:\Users\hotre\OneDrive\Desktop\Kaleo Website Bot\processed_content\Kaleo_Church_Anchorage,_AK__To_Obey_Is_Better.md"
https://www.kaleoalaska.org/sermons/preacher/u/20/cody-carpenter,"C:\Users\hotre\OneDrive\Desktop\Kaleo Website Bot\processed_content\Kaleo_Church_Anchorage,_AK__Sermons_by_Cody_Carpenter.md"
https://www.kaleoalaska.org/about,"C:\Users\hotre\OneDrive\Desktop\Kaleo Website Bot\processed_content\Kaleo_Church_Anchorage,_AK__About.md"
https://www.kaleoalaska.org/sermons/series/independent-sermons,"C:\Users\hotre\OneDrive\Desktop\Kaleo Website Bot\processed_content\Kaleo_Church_Anchorage,_AK__Independent_Sermons.md"
https://www.kaleoalaska.org/plan-your-visit,"C:\Users\hotre\OneDrive\Desktop\Kaleo Website Bot\processed_content\Kaleo_Church_Anchorage,_AK__Plan_Your_Visit.md"
https://www.kaleoalaska.org/staff-leadership,"C:\Users\hotre\OneDrive\Desktop\Kaleo Website Bot\processed_content\Kaleo_Church_Anchorage,_AK__Staff_&_Leadership.md"
https://www.kaleoalaska.org/sermons/sermon/2025-12-28/peace-be-still,"C:\Users\hotre\OneDrive\Desktop\Kaleo Website Bot\processed_content\Kaleo_Church_Anchorage,_AK__Peace,_Be_Still!.md"
https://www.kaleoalaska.org/what-we-believe,"C:\Users\hotre\OneDrive\Desktop\Kaleo Website Bot\processed_content\Kaleo_Church_Anchorage,_AK__What_We_Believe.md"
https://www.kaleoalaska.org/our-story,"C:\Users\hotre\OneDrive\Desktop\Kaleo Website Bot\processed_content\Kaleo_Church_Anchorage,_AK__Our_Story.md"
https://www.kaleoalaska.org/connect,"C:\Users\hotre\OneDrive\Desktop\Kaleo Website Bot\processed_content\Kaleo_Church_Anchorage,_AK__Community.md"
https://www.kaleoalaska.org/sermons/sermon/2025-12-21/god-with-us-love,"C:\Users\hotre\OneDrive\Desktop\Kaleo Website Bot\processed_content\Kaleo_Church_Anchorage,_AK__God_With_Us_Love.md"
https://www.kaleoalaska.org/sermons/series/advent-2025-god-with-us,"C:\Users\hotre\OneDrive\Desktop\Kaleo Website Bot\processed_content\Kaleo_Church_Anchorage,_AK__Advent_2025_-_God_With_Us.md"
https://www.kaleoalaska.org/small-groups,"C:\Users\hotre\OneDrive\Desktop\Kaleo Website Bot\processed_content\Kaleo_Church_Anchorage,_AK__K-Groups.md"
https://www.kaleoalaska.org/kaleo-kids,"C:\Users\hotre\OneDrive\Desktop\Kaleo Website Bot\processed_content\Kaleo_Church_Anchorage,_AK__Kaleo_Kids.md"
https://www.kaleoalaska.org/kaleo-student-ministry,"C:\Users\hotre\OneDrive\Desktop\Kaleo Website Bot\processed_content\Kaleo_Church_Anchorage,_AK__Kaleo_Student_Ministry.md"
https://www.kaleoalaska.org/sermons/sermon/2025-12-14/god-with-us:-joy,"C:\Users\hotre\OneDrive\Desktop\Kaleo Website Bot\processed_content\Kaleo_Church_Anchorage,_AK__God_With_Us_Joy.md"
https://www.kaleoalaska.org/mens-ministry,"C:\Users\hotre\OneDrive\Desktop\Kaleo Website Bot\processed_content\Kaleo_Church_Anchorage,_AK__Men's_Ministry.md"
https://www.kaleoalaska.org/church-center-instructions,"C:\Users\hotre\OneDrive\Desktop\Kaleo Website Bot\processed_content\Kaleo_Church_Anchorage,_AK__App_Setup_Instructions.md"
https://www.kaleoalaska.org/sermons/sermon/2025-12-07/god-with-us:-peace,"C:\Users\hotre\OneDrive\Desktop\Kaleo Website Bot\processed_content\Kaleo_Church_Anchorage,_AK__God_With_Us_Peace.md"
https://www.kaleoalaska.org/resources,"C:\Users\hotre\OneDrive\Desktop\Kaleo Website Bot\processed_content\Kaleo_Church_Anchorage,_AK__Grow.md"
https://www.kaleoalaska.org/sermons,"C:\Users\hotre\OneDrive\Desktop\Kaleo Website Bot\processed_content\Kaleo_Church_Anchorage,_AK__Sermons.md"
https://www.kaleoalaska.org/sermons/sermon/2025-11-30/god-with-us:-hope,"C:\Users\hotre\OneDrive\Desktop\Kaleo Website Bot\processed_content\Kaleo_Church_Anchorage,_AK__God_With_Us_Hope.md"
https://www.kaleoalaska.org/sermons/sermon/2025-11-23/thankful-for-who-we-are-in-christ,"C:\Users\hotre\OneDrive\Desktop\Kaleo Website Bot\processed_content\Kaleo_Church_Anchorage,_AK__Thankful_For_Who_We_Are_In_Christ.md"
https://www.kaleoalaska.org/sermons/series/grateful-sons-and-daughters,"C:\Users\hotre\OneDrive\Desktop\Kaleo Website Bot\processed_content\Kaleo_Church_Anchorage,_AK__Grateful_Sons_and_Daughters.md"
https://www.kaleoalaska.org/scripture-reading-plan,"C:\Users\hotre\OneDrive\Desktop\Kaleo Website Bot\processed_content\Kaleo_Church_Anchorage,_AK__Scripture_Reading_Plan.md"
https://www.kaleoalaska.org/prayer,"C:\Users\hotre\OneDrive\Desktop\Kaleo Website Bot\processed_content\Kaleo_Church_Anchorage,_AK__Prayer.md"
https://www.kaleoalaska.org/membership,"C:\Users\hotre\OneDrive\Desktop\Kaleo Website Bot\processed_content\Kaleo_Church_Anchorage,_AK__Church_Membership.md"
https://www.kaleoalaska.org/serving-at-kaleo,"C:\Users\hotre\OneDrive\Desktop\Kaleo Website Bot\processed_content\Kaleo_Church_Anchorage,_AK__Serving_at_Kaleo.md"
https://www.kaleoalaska.org/reengage,"C:\Users\hotre\OneDrive\Desktop\Kaleo Website Bot\processed_content\Kaleo_Church_Anchorage,_AK__ReEngage.md"
https://www.kaleoalaska.org/upcoming-events,"C:\Users\hotre\OneDrive\Desktop\Kaleo Website Bot\processed_content\Kaleo_Church_Anchorage,_AK__Upcoming_Events.md"
https://www.kaleoalaska.org/live-stream,"C:\Users\hotre\OneDrive\Desktop\Kaleo Website Bot\processed_content\Kaleo_Church_Anchorage,_AK__Live_Stream.md"
https://www.kaleoalaska.org/advent-resources,"C:\Users\hotre\OneDrive\Desktop\Kaleo Website Bot\processed_content\Kaleo_Church_Anchorage,_AK__Advent_Resources.md"
https://www.kaleoalaska.org/chris-cha,"C:\Users\hotre\OneDrive\Desktop\Kaleo Website Bot\processed_content\Kaleo_Church_Anchorage,_AK__Chris_Cha.md"
https://www.kaleoalaska.org/cody-carpenter,"C:\Users\hotre\OneDrive\Desktop\Kaleo Website Bot\processed_content\Kaleo_Church_Anchorage,_AK__Cody_Carpenter.md"
https://www.kaleoalaska.org/darron-rizer,"C:\Users\hotre\OneDrive\Desktop\Kaleo Website Bot\processed_content\Kaleo_Church_Anchorage,_AK__Darron_Rizer.md"
https://www.kaleoalaska.org/jay-ubben,"C:\Users\hotre\OneDrive\Desktop\Kaleo Website Bot\processed_content\Kaleo_Church_Anchorage,_AK__Jay_Ubben.md"
https://www.kaleoalaska.org/lucy-matthews,"C:\Users\hotre\OneDrive\Desktop\Kaleo Website Bot\processed_content\Kaleo_Church_Anchorage,_AK__Lucy_Matthew.md"
https://www.kaleoalaska.org/kids-resources,"C:\Users\hotre\OneDrive\Desktop\Kaleo Website Bot\processed_content\Kaleo_Church_Anchorage,_AK__Family_Resources.md"
https://www.kaleoalaska.org/sermons/page/1,"C:\Users\hotre\OneDrive\Desktop\Kaleo Website Bot\processed_content\Kaleo_Church_Anchorage,_AK__Sermons_1.md"
https://www.kaleoalaska.org/sermons/page/2,"C:\Users\hotre\OneDrive\Desktop\Kaleo Website Bot\processed_content\Kaleo_Church_Anchorage,_AK__Sermons_2.md"
https://www.kaleoalaska.org/sermons/page/3,"C:\Users\hotre\OneDrive\Desktop\Kaleo Website Bot\processed_content\Kaleo_Church_Anchorage,_AK__Sermons_3.md"
https://www.kaleoalaska.org/sermons/page/4,"C:\Users\hotre\OneDrive\Desktop\Kaleo Website Bot\processed_content\Kaleo_Church_Anchorage,_AK__Sermons_4.md"
https://www.kaleoalaska.org/sermons/page/5,"C:\Users\hotre\OneDrive\Desktop\Kaleo Website Bot\processed_content\Kaleo_Church_Anchorage,_AK__Sermons_5.md"
https://www.kaleoalaska.org/mens-min-resources,"C:\Users\hotre\OneDrive\Desktop\Kaleo Website Bot\processed_content\Kaleo_Church_Anchorage,_AK__Men's_Ministry_Resources.md"
https://www.kaleoalaska.org/sermons/page/6,"C:\Users\hotre\OneDrive\Desktop\Kaleo Website Bot\processed_content\Kaleo_Church_Anchorage,_AK__Sermons_6.md"
https://www.kaleoalaska.org/sermons/page/7,"C:\Users\hotre\OneDrive\Desktop\Kaleo Website Bot\processed_content\Kaleo_Church_Anchorage,_AK__Sermons_7.md"
https://www.kaleoalaska.org/sermons/sermon/2026-02-01/holding-fast-in-a-distracting-world,"C:\Users\hotre\OneDrive\Desktop\Kaleo Website Bot\processed_content\Kaleo_Church_Anchorage,_AK__Holding_Fast_in_a_Distracting_World.md"
https://www.kaleoalaska.org/sermons/page/42,"C:\Users\hotre\OneDrive\Desktop\Kaleo Website Bot\processed_content\Kaleo_Church_Anchorage,_AK__Sermons_8.md"
https://www.kaleoalaska.org/sermons/preacher/p/10973/chris-cha,"C:\Users\hotre\OneDrive\Desktop\Kaleo Website Bot\processed_content\Kaleo_Church_Anchorage,_AK__Sermons_by_Chris_Cha.md"
https://www.kaleoalaska.org/sermons/series/this-is-kaleo-church,"C:\Users\hotre\OneDrive\Desktop\Kaleo Website Bot\processed_content\Kaleo_Church_Anchorage,_AK__This_is_Kaleo_Church.md"
https://www.kaleoalaska.org/mediaPlayer,C:\Users\hotre\OneDrive\Desktop\Kaleo Website Bot\processed_content\media_player.md
https://www.kaleoalaska.org/sermons/series/psalms:-summer-in-the-psalms,"C:\Users\hotre\OneDrive\Desktop\Kaleo Website Bot\processed_content\Kaleo_Church_Anchorage,_AK__Psalms_Summer_in_the_Psalms.md"
https://www.kaleoalaska.org/sermons/series/ephesians:-gods-master-plan-in-christ,"C:\Users\hotre\OneDrive\Desktop\Kaleo Website Bot\processed_content\Kaleo_Church_Anchorage,_AK__Ephesians_God's_Master_Plan_in_Christ.md"
https://www.kaleoalaska.org/sermons/series/jesus:-the-greatest-gift-and-gift-giver,"C:\Users\hotre\OneDrive\Desktop\Kaleo Website Bot\processed_content\Kaleo_Church_Anchorage,_AK__Jesus_The_Greatest_Gift_and_Gift_Giver.md"
https://www.kaleoalaska.org/sermons/series/unshakeable-kingdom-citizens,"C:\Users\hotre\OneDrive\Desktop\Kaleo Website Bot\processed_content\Kaleo_Church_Anchorage,_AK__Unshakeable_Kingdom_Citizens.md"
https://www.kaleoalaska.org/sermons/sermon/2026-01-25/jesus-is-better-than-angels,"C:\Users\hotre\OneDrive\Desktop\Kaleo Website Bot\processed_content\Kaleo_Church_Anchorage,_AK__Jesus_Is_Better_Than_Angels.md"
https://www.kaleoalaska.org/sermons/series/the-unseen-battle,"C:\Users\hotre\OneDrive\Desktop\Kaleo Website Bot\processed_content\Kaleo_Church_Anchorage,_AK__The_Unseen_Battle.md"
https://www.kaleoalaska.org/sermons/series/-hashtagsforalllife,"C:\Users\hotre\OneDrive\Desktop\Kaleo Website Bot\processed_content\Kaleo_Church_Anchorage,_AK__#HashtagsForAllLife.md"
https://www.kaleoalaska.org/sermons/preacher/u/4/patrick-matthew,"C:\Users\hotre\OneDrive\Desktop\Kaleo Website Bot\processed_content\Kaleo_Church_Anchorage,_AK__Sermons_by_Patrick_Matthew.md"
https://www.kaleoalaska.org/sermons/series/from-grace-to-grace,"C:\Users\hotre\OneDrive\Desktop\Kaleo Website Bot\processed_content\Kaleo_Church_Anchorage,_AK__From_Grace_to_Grace.md"
https://www.kaleoalaska.org/sermons/series/that-you-may-believe,"C:\Users\hotre\OneDrive\Desktop\Kaleo Website Bot\processed_content\Kaleo_Church_Anchorage,_AK__That_You_May_Believe.md"
https://www.kaleoalaska.org/sermons/series/return,"C:\Users\hotre\OneDrive\Desktop\Kaleo Website Bot\processed_content\Kaleo_Church_Anchorage,_AK__Return.md"
https://www.kaleoalaska.org/sermons/series/psalms-for-the-summer,"C:\Users\hotre\OneDrive\Desktop\Kaleo Website Bot\processed_content\Kaleo_Church_Anchorage,_AK__Psalms_for_the_Summer.md"
https://www.kaleoalaska.org/sermons/series/thriving-in-exile-following-jesus-in-a-world-that-is-not-our-home,"C:\Users\hotre\OneDrive\Desktop\Kaleo Website Bot\processed_content\Kaleo_Church_Anchorage,_AK__Thriving_in_Exile_Following_Jesus_in_a_World_that_is_not_our_Home.md"
https://www.kaleoalaska.org/sermons/sermon/2026-01-18/jesus-gods-final-and-better-word,"C:\Users\hotre\OneDrive\Desktop\Kaleo Website Bot\processed_content\Kaleo_Church_Anchorage,_AK__Jesus,_God's_Final_and_Better_Word.md"
https://www.kaleoalaska.org/sermons/series/haggai-first-things-first,"C:\Users\hotre\OneDrive\Desktop\Kaleo Website Bot\processed_content\Kaleo_Church_Anchorage,_AK__Haggai_First_Things_First.md"
https://www.kaleoalaska.org/sermons/series/gods-greatest-gift-the-promised-one,"C:\Users\hotre\OneDrive\Desktop\Kaleo Website Bot\processed_content\Kaleo_Church_Anchorage,_AK__God's_Greatest_Gift_The_Promised_One.md"
https://www.kaleoalaska.org/sermons/series/acts-we-are-the-movement,"C:\Users\hotre\OneDrive\Desktop\Kaleo Website Bot\processed_content\Kaleo_Church_Anchorage,_AK__Acts_We_Are_the_Movement.md"
https://www.kaleoalaska.org/sermons/series/advent-2020,"C:\Users\hotre\OneDrive\Desktop\Kaleo Website Bot\processed_content\Kaleo_Church_Anchorage,_AK__Advent_2020.md"
https://www.kaleoalaska.org/sermons/series/lord-teach-us-to-pray,"C:\Users\hotre\OneDrive\Desktop\Kaleo Website Bot\processed_content\Kaleo_Church_Anchorage,_AK__Lord,_Teach_Us_to_Pray.md"
https://www.kaleoalaska.org/sermons?page=1,"C:\Users\hotre\OneDrive\Desktop\Kaleo Website Bot\processed_content\Kaleo_Church_Anchorage,_AK__Sermons_9.md"
https://www.kaleoalaska.org/sermons/series/habakkuk:-wrestling-with-god,"C:\Users\hotre\OneDrive\Desktop\Kaleo Website Bot\processed_content\Kaleo_Church_Anchorage,_AK__Habakkuk_Wrestling_With_God.md"
https://www.kaleoalaska.org/sermons/series/the-4-gs,"C:\Users\hotre\OneDrive\Desktop\Kaleo Website Bot\processed_content\Kaleo_Church_Anchorage,_AK__The_4_Gs.md"
https://www.kaleoalaska.org/sermons/series/the-letters-of-john,"C:\Users\hotre\OneDrive\Desktop\Kaleo Website Bot\processed_content\Kaleo_Church_Anchorage,_AK__The_Letters_of_John.md"
https://www.kaleoalaska.org/sermons/series/ecclesiastes:-a-critics-look-at-life-without-god,"C:\Users\hotre\OneDrive\Desktop\Kaleo Website Bot\processed_content\Kaleo_Church_Anchorage,_AK__Ecclesiastes_A_Critics_Look_at_Life_Without_God.md"
https://www.kaleoalaska.org/sermons/series/made-for-mission,"C:\Users\hotre\OneDrive\Desktop\Kaleo Website Bot\processed_content\Kaleo_Church_Anchorage,_AK__Made_for_Mission.md"
https://www.kaleoalaska.org/sermons/series/know-go-knowing-and-following-jesus-gospel-of-mark,"C:\Users\hotre\OneDrive\Desktop\Kaleo Website Bot\processed_content\Kaleo_Church_Anchorage,_AK__Know_&_Go!_Knowing_and_following_Jesus_-_Gospel_of_Mark.md"
https://www.kaleoalaska.org/sermons/series/we-are-the-church-membership-series,"C:\Users\hotre\OneDrive\Desktop\Kaleo Website Bot\processed_content\Kaleo_Church_Anchorage,_AK__We_are_the_Church_-_Membership_Series.md"
https://www.kaleoalaska.org/sermons/_date/2026/1,"C:\Users\hotre\OneDrive\Desktop\Kaleo Website Bot\processed_content\Kaleo_Church_Anchorage,_AK__Sermons_from_January_2026.md"
https://www.kaleoalaska.org/sermons/_date/2026/2,"C:\Users\hotre\OneDrive\Desktop\Kaleo Website Bot\processed_content\Kaleo_Church_Anchorage,_AK__Sermons_from_February_2026.md"
https://www.kaleoalaska.org/sermons/_date/2026,"C:\Users\hotre\OneDrive\Desktop\Kaleo Website Bot\processed_content\Kaleo_Church_Anchorage,_AK__Sermons_from_2026.md"
https://www.kaleoalaska.org/sermons/series/hold-fast:-jesus-is-better,"C:\Users\hotre\OneDrive\Desktop\Kaleo Website Bot\processed_content\Kaleo_Church_Anchorage,_AK__Hold_Fast_Jesus_is_Better.md"
https://www.kaleoalaska.org/sermons/_date/2025/1,"C:\Users\hotre\OneDrive\Desktop\Kaleo Website Bot\processed_content\Kaleo_Church_Anchorage,_AK__Sermons_from_January_2025.md"
https://www.kaleoalaska.org/sermons/topic/expository,"C:\Users\hotre\OneDrive\Desktop\Kaleo Website Bot\processed_content\Kaleo_Church_Anchorage,_AK__Expository_1.md"
https://www.kaleoalaska.org/sermons/_date/2025/2,"C:\Users\hotre\OneDrive\Desktop\Kaleo Website Bot\processed_content\Kaleo_Church_Anchorage,_AK__Sermons_from_February_2025.md"
https://www.kaleoalaska.org/sermons/sermon/2026-01-11/to-obey-is-better,"C:\Users\hotre\OneDrive\Desktop\Kaleo Website Bot\processed_content\Kaleo_Church_Anchorage,_AK__To_Obey_Is_Better_1.md"
https://www.kaleoalaska.org/sermons/_date/2025/3,"C:\Users\hotre\OneDrive\Desktop\Kaleo Website Bot\processed_content\Kaleo_Church_Anchorage,_AK__Sermons_from_March_2025.md"
https://www.kaleoalaska.org/sermons/preacher/u/20/cody-carpenter,"C:\Users\hotre\OneDrive\Desktop\Kaleo Website Bot\processed_content\Kaleo_Church_Anchorage,_AK__Sermons_by_Cody_Carpenter_1.md"
https://www.kaleoalaska.org/sermons/_date/2025/4,"C:\Users\hotre\OneDrive\Desktop\Kaleo Website Bot\processed_content\Kaleo_Church_Anchorage,_AK__Sermons_from_April_2025.md"
https://www.kaleoalaska.org/sermons/series/independent-sermons,"C:\Users\hotre\OneDrive\Desktop\Kaleo Website Bot\processed_content\Kaleo_Church_Anchorage,_AK__Independent_Sermons_1.md"
https://www.kaleoalaska.org/sermons/_date/2025/5,"C:\Users\hotre\OneDrive\Desktop\Kaleo Website Bot\processed_content\Kaleo_Church_Anchorage,_AK__Sermons_from_May_2025.md"
https://www.kaleoalaska.org/sermons/_date/2025/6,"C:\Users\hotre\OneDrive\Desktop\Kaleo Website Bot\processed_content\Kaleo_Church_Anchorage,_AK__Sermons_from_June_2025.md"
https://www.kaleoalaska.org/sermons/_date/2025/7,"C:\Users\hotre\OneDrive\Desktop\Kaleo Website Bot\processed_content\Kaleo_Church_Anchorage,_AK__Sermons_from_July_2025.md"
https://www.kaleoalaska.org/sermons/_date/2025/8,"C:\Users\hotre\OneDrive\Desktop\Kaleo Website Bot\processed_content\Kaleo_Church_Anchorage,_AK__Sermons_from_August_2025.md"
https://www.kaleoalaska.org/sermons/_date/2025/9,"C:\Users\hotre\OneDrive\Desktop\Kaleo Website Bot\processed_content\Kaleo_Church_Anchorage,_AK__Sermons_from_September_2025.md"
https://www.kaleoalaska.org/sermons/sermon/2025-12-28/peace-be-still,"C:\Users\hotre\OneDrive\Desktop\Kaleo Website Bot\processed_content\Kaleo_Church_Anchorage,_AK__Peace,_Be_Still!_1.md"
https://www.kaleoalaska.org/sermons/_date/2025/10,"C:\Users\hotre\OneDrive\Desktop\Kaleo Website Bot\processed_content\Kaleo_Church_Anchorage,_AK__Sermons_from_October_2025.md"
https://www.kaleoalaska.org/sermons/_date/2025/11,"C:\Users\hotre\OneDrive\Desktop\Kaleo Website Bot\processed_content\Kaleo_Church_Anchorage,_AK__Sermons_from_November_2025.md"
https://www.kaleoalaska.org/sermons/_date/2025/12,"C:\Users\hotre\OneDrive\Desktop\Kaleo Website Bot\processed_content\Kaleo_Church_Anchorage,_AK__Sermons_from_December_2025.md"
https://www.kaleoalaska.org/sermons/_date/2025,"C:\Users\hotre\OneDrive\Desktop\Kaleo Website Bot\processed_content\Kaleo_Church_Anchorage,_AK__Sermons_from_2025.md"
https://www.kaleoalaska.org/sermons/sermon/2025-12-21/god-with-us-love,"C:\Users\hotre\OneDrive\Desktop\Kaleo Website Bot\processed_content\Kaleo_Church_Anchorage,_AK__God_With_Us_Love_1.md"
https://www.kaleoalaska.org/sermons/_date/2024/1,"C:\Users\hotre\OneDrive\Desktop\Kaleo Website Bot\processed_content\Kaleo_Church_Anchorage,_AK__Sermons_from_January_2024.md"
https://www.kaleoalaska.org/sermons/series/advent-2025-god-with-us,"C:\Users\hotre\OneDrive\Desktop\Kaleo Website Bot\processed_content\Kaleo_Church_Anchorage,_AK__Advent_2025_-_God_With_Us_1.md"
https://www.kaleoalaska.org/sermons/_date/2024/2,"C:\Users\hotre\OneDrive\Desktop\Kaleo Website Bot\processed_content\Kaleo_Church_Anchorage,_AK__Sermons_from_February_2024.md"
https://www.kaleoalaska.org/sermons/_date/2024/3,"C:\Users\hotre\OneDrive\Desktop\Kaleo Website Bot\processed_content\Kaleo_Church_Anchorage,_AK__Sermons_from_March_2024.md"
https://www.kaleoalaska.org/sermons/_date/2024/4,"C:\Users\hotre\OneDrive\Desktop\Kaleo Website Bot\processed_content\Kaleo_Church_Anchorage,_AK__Sermons_from_April_2024.md"
https://www.kaleoalaska.org/sermons/_date/2024/5,"C:\Users\hotre\OneDrive\Desktop\Kaleo Website Bot\processed_content\Kaleo_Church_Anchorage,_AK__Sermons_from_May_2024.md"
https://www.kaleoalaska.org/sermons/_date/2024/6,"C:\Users\hotre\OneDrive\Desktop\Kaleo Website Bot\processed_content\Kaleo_Church_Anchorage,_AK__Sermons_from_June_2024.md"
https://www.kaleoalaska.org/sermons/sermon/2025-12-14/god-with-us:-joy,"C:\Users\hotre\OneDrive\Desktop\Kaleo Website Bot\processed_content\Kaleo_Church_Anchorage,_AK__God_With_Us_Joy_1.md"
https://www.kaleoalaska.org/sermons/_date/2024/7,"C:\Users\hotre\OneDrive\Desktop\Kaleo Website Bot\processed_content\Kaleo_Church_Anchorage,_AK__Sermons_from_July_2024.md"
https://www.kaleoalaska.org/sermons/_date/2024/8,"C:\Users\hotre\OneDrive\Desktop\Kaleo Website Bot\processed_content\Kaleo_Church_Anchorage,_AK__Sermons_from_August_2024.md"
https://www.kaleoalaska.org/sermons/_date/2024/9,"C:\Users\hotre\OneDrive\Desktop\Kaleo Website Bot\processed_content\Kaleo_Church_Anchorage,_AK__Sermons_from_September_2024.md"
https://www.kaleoalaska.org/sermons/_date/2024/10,"C:\Users\hotre\OneDrive\Desktop\Kaleo Website Bot\processed_content\Kaleo_Church_Anchorage,_AK__Sermons_from_October_2024.md"
https://www.kaleoalaska.org/sermons/_date/2024/11,"C:\Users\hotre\OneDrive\Desktop\Kaleo Website Bot\processed_content\Kaleo_Church_Anchorage,_AK__Sermons_from_November_2024.md"
https://www.kaleoalaska.org/sermons/sermon/2025-12-07/god-with-us:-peace,"C:\Users\hotre\OneDrive\Desktop\Kaleo Website Bot\processed_content\Kaleo_Church_Anchorage,_AK__God_With_Us_Peace_1.md"
https://www.kaleoalaska.org/sermons/_date/2024/12,"C:\Users\hotre\OneDrive\Desktop\Kaleo Website Bot\processed_content\Kaleo_Church_Anchorage,_AK__Sermons_from_December_2024.md"
https://www.kaleoalaska.org/sermons/_date/2024,"C:\Users\hotre\OneDrive\Desktop\Kaleo Website Bot\processed_content\Kaleo_Church_Anchorage,_AK__Sermons_from_2024.md"
https://www.kaleoalaska.org/sermons/_date/2023/1,"C:\Users\hotre\OneDrive\Desktop\Kaleo Website Bot\processed_content\Kaleo_Church_Anchorage,_AK__Sermons_from_January_2023.md"
https://www.kaleoalaska.org/sermons/_date/2023/2,"C:\Users\hotre\OneDrive\Desktop\Kaleo Website Bot\processed_content\Kaleo_Church_Anchorage,_AK__Sermons_from_February_2023.md"
https://www.kaleoalaska.org/sermons/_date/2023/3,"C:\Users\hotre\OneDrive\Desktop\Kaleo Website Bot\processed_content\Kaleo_Church_Anchorage,_AK__Sermons_from_March_2023.md"
https://www.kaleoalaska.org/sermons/sermon/2025-11-30/god-with-us:-hope,"C:\Users\hotre\OneDrive\Desktop\Kaleo Website Bot\processed_content\Kaleo_Church_Anchorage,_AK__God_With_Us_Hope_1.md"
https://www.kaleoalaska.org/sermons/_date/2023/4,"C:\Users\hotre\OneDrive\Desktop\Kaleo Website Bot\processed_content\Kaleo_Church_Anchorage,_AK__Sermons_from_April_2023.md"
https://www.kaleoalaska.org/sermons/_date/2023/5,"C:\Users\hotre\OneDrive\Desktop\Kaleo Website Bot\processed_content\Kaleo_Church_Anchorage,_AK__Sermons_from_May_2023.md"
https://www.kaleoalaska.org/sermons/_date/2023/6,"C:\Users\hotre\OneDrive\Desktop\Kaleo Website Bot\processed_content\Kaleo_Church_Anchorage,_AK__Sermons_from_June_2023.md"
https://www.kaleoalaska.org/sermons/_date/2023/7,"C:\Users\hotre\OneDrive\Desktop\Kaleo Website Bot\processed_content\Kaleo_Church_Anchorage,_AK__Sermons_from_July_2023.md"
https://www.kaleoalaska.org/sermons/_date/2023/8,"C:\Users\hotre\OneDrive\Desktop\Kaleo Website Bot\processed_content\Kaleo_Church_Anchorage,_AK__Sermons_from_August_2023.md"
https://www.kaleoalaska.org/sermons/sermon/2025-11-23/thankful-for-who-we-are-in-christ,"C:\Users\hotre\OneDrive\Desktop\Kaleo Website Bot\processed_content\Kaleo_Church_Anchorage,_AK__Thankful_For_Who_We_Are_In_Christ_1.md"
https://www.kaleoalaska.org/sermons/_date/2023/9,"C:\Users\hotre\OneDrive\Desktop\Kaleo Website Bot\processed_content\Kaleo_Church_Anchorage,_AK__Sermons_from_September_2023.md"
https://www.kaleoalaska.org/sermons/series/grateful-sons-and-daughters,"C:\Users\hotre\OneDrive\Desktop\Kaleo Website Bot\processed_content\Kaleo_Church_Anchorage,_AK__Grateful_Sons_and_Daughters_1.md"
https://www.kaleoalaska.org/sermons/_date/2023/10,"C:\Users\hotre\OneDrive\Desktop\Kaleo Website Bot\processed_content\Kaleo_Church_Anchorage,_AK__Sermons_from_October_2023.md"
https://www.kaleoalaska.org/sermons/_date/2023/11,"C:\Users\hotre\OneDrive\Desktop\Kaleo Website Bot\processed_content\Kaleo_Church_Anchorage,_AK__Sermons_from_November_2023.md"
https://www.kaleoalaska.org/sermons/_date/2023/12,"C:\Users\hotre\OneDrive\Desktop\Kaleo Website Bot\processed_content\Kaleo_Church_Anchorage,_AK__Sermons_from_December_2023.md"
https://www.kaleoalaska.org/sermons/_date/2023,"C:\Users\hotre\OneDrive\Desktop\Kaleo Website Bot\processed_content\Kaleo_Church_Anchorage,_AK__Sermons_from_2023.md"
https://www.kaleoalaska.org/sermons/_date/2022/1,"C:\Users\hotre\OneDrive\Desktop\Kaleo Website Bot\processed_content\Kaleo_Church_Anchorage,_AK__Sermons_from_January_2022.md"
https://www.kaleoalaska.org/sermons/_date/2022/2,"C:\Users\hotre\OneDrive\Desktop\Kaleo Website Bot\processed_content\Kaleo_Church_Anchorage,_AK__Sermons_from_February_2022.md"
https://www.kaleoalaska.org/sermons/page/1,"C:\Users\hotre\OneDrive\Desktop\Kaleo Website Bot\processed_content\Kaleo_Church_Anchorage,_AK__Sermons_10.md"
https://www.kaleoalaska.org/sermons/_date/2022/3,"C:\Users\hotre\OneDrive\Desktop\Kaleo Website Bot\processed_content\Kaleo_Church_Anchorage,_AK__Sermons_from_March_2022.md"
https://www.kaleoalaska.org/sermons/_date/2022/4,"C:\Users\hotre\OneDrive\Desktop\Kaleo Website Bot\processed_content\Kaleo_Church_Anchorage,_AK__Sermons_from_April_2022.md"
https://www.kaleoalaska.org/sermons/_date/2022/5,"C:\Users\hotre\OneDrive\Desktop\Kaleo Website Bot\processed_content\Kaleo_Church_Anchorage,_AK__Sermons_from_May_2022.md"
https://www.kaleoalaska.org/sermons/_date/2022/6,"C:\Users\hotre\OneDrive\Desktop\Kaleo Website Bot\processed_content\Kaleo_Church_Anchorage,_AK__Sermons_from_June_2022.md"
https://www.kaleoalaska.org/sermons/_date/2022/7,"C:\Users\hotre\OneDrive\Desktop\Kaleo Website Bot\processed_content\Kaleo_Church_Anchorage,_AK__Sermons_from_July_2022.md"
https://www.kaleoalaska.org/sermons/_date/2022/8,"C:\Users\hotre\OneDrive\Desktop\Kaleo Website Bot\processed_content\Kaleo_Church_Anchorage,_AK__Sermons_from_August_2022.md"
https://www.kaleoalaska.org/sermons/_date/2022/9,"C:\Users\hotre\OneDrive\Desktop\Kaleo Website Bot\processed_content\Kaleo_Church_Anchorage,_AK__Sermons_from_September_2022.md"
https://www.kaleoalaska.org/sermons/_date/2022/10,"C:\Users\hotre\OneDrive\Desktop\Kaleo Website Bot\processed_content\Kaleo_Church_Anchorage,_AK__Sermons_from_October_2022.md"
https://www.kaleoalaska.org/sermons/_date/2022/11,"C:\Users\hotre\OneDrive\Desktop\Kaleo Website Bot\processed_content\Kaleo_Church_Anchorage,_AK__Sermons_from_November_2022.md"
https://www.kaleoalaska.org/sermons/_date/2022/12,"C:\Users\hotre\OneDrive\Desktop\Kaleo Website Bot\processed_content\Kaleo_Church_Anchorage,_AK__Sermons_from_December_2022.md"
https://www.kaleoalaska.org/sermons/page/2,"C:\Users\hotre\OneDrive\Desktop\Kaleo Website Bot\processed_content\Kaleo_Church_Anchorage,_AK__Sermons_11.md"
https://www.kaleoalaska.org/sermons/_date/2022,"C:\Users\hotre\OneDrive\Desktop\Kaleo Website Bot\processed_content\Kaleo_Church_Anchorage,_AK__Sermons_from_2022.md"
https://www.kaleoalaska.org/sermons/_date/2021/1,"C:\Users\hotre\OneDrive\Desktop\Kaleo Website Bot\processed_content\Kaleo_Church_Anchorage,_AK__Sermons_from_January_2021.md"
https://www.kaleoalaska.org/sermons/_date/2021/2,"C:\Users\hotre\OneDrive\Desktop\Kaleo Website Bot\processed_content\Kaleo_Church_Anchorage,_AK__Sermons_from_February_2021.md"
https://www.kaleoalaska.org/sermons/_date/2021/3,"C:\Users\hotre\OneDrive\Desktop\Kaleo Website Bot\processed_content\Kaleo_Church_Anchorage,_AK__Sermons_from_March_2021.md"
https://www.kaleoalaska.org/sermons/_date/2021/4,"C:\Users\hotre\OneDrive\Desktop\Kaleo Website Bot\processed_content\Kaleo_Church_Anchorage,_AK__Sermons_from_April_2021.md"
https://www.kaleoalaska.org/sermons/_date/2021/5,"C:\Users\hotre\OneDrive\Desktop\Kaleo Website Bot\processed_content\Kaleo_Church_Anchorage,_AK__Sermons_from_May_2021.md"
https://www.kaleoalaska.org/sermons/_date/2021/6,"C:\Users\hotre\OneDrive\Desktop\Kaleo Website Bot\processed_content\Kaleo_Church_Anchorage,_AK__Sermons_from_June_2021.md"
https://www.kaleoalaska.org/sermons/_date/2021/7,"C:\Users\hotre\OneDrive\Desktop\Kaleo Website Bot\processed_content\Kaleo_Church_Anchorage,_AK__Sermons_from_July_2021.md"
https://www.kaleoalaska.org/sermons/page/3,"C:\Users\hotre\OneDrive\Desktop\Kaleo Website Bot\processed_content\Kaleo_Church_Anchorage,_AK__Sermons_12.md"
https://www.kaleoalaska.org/sermons/_date/2021/8,"C:\Users\hotre\OneDrive\Desktop\Kaleo Website Bot\processed_content\Kaleo_Church_Anchorage,_AK__Sermons_from_August_2021.md"
https://www.kaleoalaska.org/sermons/_date/2021/9,"C:\Users\hotre\OneDrive\Desktop\Kaleo Website Bot\processed_content\Kaleo_Church_Anchorage,_AK__Sermons_from_September_2021.md"
https://www.kaleoalaska.org/sermons/_date/2021/10,"C:\Users\hotre\OneDrive\Desktop\Kaleo Website Bot\processed_content\Kaleo_Church_Anchorage,_AK__Sermons_from_October_2021.md"
https://www.kaleoalaska.org/sermons/_date/2021/11,"C:\Users\hotre\OneDrive\Desktop\Kaleo Website Bot\processed_content\Kaleo_Church_Anchorage,_AK__Sermons_from_November_2021.md"
https://www.kaleoalaska.org/sermons/_date/2021/12,"C:\Users\hotre\OneDrive\Desktop\Kaleo Website Bot\processed_content\Kaleo_Church_Anchorage,_AK__Sermons_from_December_2021.md"
https://www.kaleoalaska.org/sermons/_date/2021,"C:\Users\hotre\OneDrive\Desktop\Kaleo Website Bot\processed_content\Kaleo_Church_Anchorage,_AK__Sermons_from_2021.md"
https://www.kaleoalaska.org/sermons/_date/2020/1,"C:\Users\hotre\OneDrive\Desktop\Kaleo Website Bot\processed_content\Kaleo_Church_Anchorage,_AK__Sermons_from_January_2020.md"
https://www.kaleoalaska.org/sermons/_date/2020/2,"C:\Users\hotre\OneDrive\Desktop\Kaleo Website Bot\processed_content\Kaleo_Church_Anchorage,_AK__Sermons_from_February_2020.md"
https://www.kaleoalaska.org/sermons/_date/2020/3,"C:\Users\hotre\OneDrive\Desktop\Kaleo Website Bot\processed_content\Kaleo_Church_Anchorage,_AK__Sermons_from_March_2020.md"
https://www.kaleoalaska.org/sermons/_date/2020/4,"C:\Users\hotre\OneDrive\Desktop\Kaleo Website Bot\processed_content\Kaleo_Church_Anchorage,_AK__Sermons_from_April_2020.md"
https://www.kaleoalaska.org/sermons/page/4,"C:\Users\hotre\OneDrive\Desktop\Kaleo Website Bot\processed_content\Kaleo_Church_Anchorage,_AK__Sermons_13.md"
https://www.kaleoalaska.org/sermons/_date/2020/5,"C:\Users\hotre\OneDrive\Desktop\Kaleo Website Bot\processed_content\Kaleo_Church_Anchorage,_AK__Sermons_from_May_2020.md"
https://www.kaleoalaska.org/sermons/_date/2020/6,"C:\Users\hotre\OneDrive\Desktop\Kaleo Website Bot\processed_content\Kaleo_Church_Anchorage,_AK__Sermons_from_June_2020.md"
https://www.kaleoalaska.org/sermons/_date/2020/7,"C:\Users\hotre\OneDrive\Desktop\Kaleo Website Bot\processed_content\Kaleo_Church_Anchorage,_AK__Sermons_from_July_2020.md"
https://www.kaleoalaska.org/sermons/_date/2020/8,"C:\Users\hotre\OneDrive\Desktop\Kaleo Website Bot\processed_content\Kaleo_Church_Anchorage,_AK__Sermons_from_August_2020.md"
https://www.kaleoalaska.org/sermons/_date/2020/9,"C:\Users\hotre\OneDrive\Desktop\Kaleo Website Bot\processed_content\Kaleo_Church_Anchorage,_AK__Sermons_from_September_2020.md"
https://www.kaleoalaska.org/sermons/_date/2020/10,"C:\Users\hotre\OneDrive\Desktop\Kaleo Website Bot\processed_content\Kaleo_Church_Anchorage,_AK__Sermons_from_October_2020.md"
https://www.kaleoalaska.org/sermons/_date/2020/11,"C:\Users\hotre\OneDrive\Desktop\Kaleo Website Bot\processed_content\Kaleo_Church_Anchorage,_AK__Sermons_from_November_2020.md"
https://www.kaleoalaska.org/sermons/_date/2020/12,"C:\Users\hotre\OneDrive\Desktop\Kaleo Website Bot\processed_content\Kaleo_Church_Anchorage,_AK__Sermons_from_December_2020.md"
https://www.kaleoalaska.org/sermons/_date/2020,"C:\Users\hotre\OneDrive\Desktop\Kaleo Website Bot\processed_content\Kaleo_Church_Anchorage,_AK__Sermons_from_2020.md"
https://www.kaleoalaska.org/sermons/page/5,"C:\Users\hotre\OneDrive\Desktop\Kaleo Website Bot\processed_content\Kaleo_Church_Anchorage,_AK__Sermons_14.md"
https://www.kaleoalaska.org/sermons/_date/2019/1,"C:\Users\hotre\OneDrive\Desktop\Kaleo Website Bot\processed_content\Kaleo_Church_Anchorage,_AK__Sermons_from_January_2019.md"
https://www.kaleoalaska.org/sermons/_date/2019/2,"C:\Users\hotre\OneDrive\Desktop\Kaleo Website Bot\processed_content\Kaleo_Church_Anchorage,_AK__Sermons_from_February_2019.md"
https://www.kaleoalaska.org/sermons/_date/2019/3,"C:\Users\hotre\OneDrive\Desktop\Kaleo Website Bot\processed_content\Kaleo_Church_Anchorage,_AK__Sermons_from_March_2019.md"
https://www.kaleoalaska.org/sermons/_date/2019/4,"C:\Users\hotre\OneDrive\Desktop\Kaleo Website Bot\processed_content\Kaleo_Church_Anchorage,_AK__Sermons_from_April_2019.md"
https://www.kaleoalaska.org/sermons/_date/2019/5,"C:\Users\hotre\OneDrive\Desktop\Kaleo Website Bot\processed_content\Kaleo_Church_Anchorage,_AK__Sermons_from_May_2019.md"
https://www.kaleoalaska.org/sermons/_date/2019/6,"C:\Users\hotre\OneDrive\Desktop\Kaleo Website Bot\processed_content\Kaleo_Church_Anchorage,_AK__Sermons_from_June_2019.md"
https://www.kaleoalaska.org/sermons/_date/2019/7,"C:\Users\hotre\OneDrive\Desktop\Kaleo Website Bot\processed_content\Kaleo_Church_Anchorage,_AK__Sermons_from_July_2019.md"
https://www.kaleoalaska.org/sermons/_date/2019/8,"C:\Users\hotre\OneDrive\Desktop\Kaleo Website Bot\processed_content\Kaleo_Church_Anchorage,_AK__Sermons_from_August_2019.md"
https://www.kaleoalaska.org/sermons/_date/2019/9,"C:\Users\hotre\OneDrive\Desktop\Kaleo Website Bot\processed_content\Kaleo_Church_Anchorage,_AK__Sermons_from_September_2019.md"
https://www.kaleoalaska.org/sermons/_date/2019/10,"C:\Users\hotre\OneDrive\Desktop\Kaleo Website Bot\processed_content\Kaleo_Church_Anchorage,_AK__Sermons_from_October_2019.md"
https://www.kaleoalaska.org/sermons/page/6,"C:\Users\hotre\OneDrive\Desktop\Kaleo Website Bot\processed_content\Kaleo_Church_Anchorage,_AK__Sermons_15.md"
https://www.kaleoalaska.org/sermons/_date/2019/11,"C:\Users\hotre\OneDrive\Desktop\Kaleo Website Bot\processed_content\Kaleo_Church_Anchorage,_AK__Sermons_from_November_2019.md"
https://www.kaleoalaska.org/sermons/_date/2019/12,"C:\Users\hotre\OneDrive\Desktop\Kaleo Website Bot\processed_content\Kaleo_Church_Anchorage,_AK__Sermons_from_December_2019.md"
https://www.kaleoalaska.org/sermons/_date/2019,"C:\Users\hotre\OneDrive\Desktop\Kaleo Website Bot\processed_content\Kaleo_Church_Anchorage,_AK__Sermons_from_2019.md"
https://www.kaleoalaska.org/sermons/_date/2018/1,"C:\Users\hotre\OneDrive\Desktop\Kaleo Website Bot\processed_content\Kaleo_Church_Anchorage,_AK__Sermons_from_January_2018.md"
https://www.kaleoalaska.org/sermons/_date/2018/2,"C:\Users\hotre\OneDrive\Desktop\Kaleo Website Bot\processed_content\Kaleo_Church_Anchorage,_AK__Sermons_from_February_2018.md"
https://www.kaleoalaska.org/sermons/_date/2018/3,"C:\Users\hotre\OneDrive\Desktop\Kaleo Website Bot\processed_content\Kaleo_Church_Anchorage,_AK__Sermons_from_March_2018.md"
https://www.kaleoalaska.org/sermons/_date/2018/4,"C:\Users\hotre\OneDrive\Desktop\Kaleo Website Bot\processed_content\Kaleo_Church_Anchorage,_AK__Sermons_from_April_2018.md"
https://www.kaleoalaska.org/sermons/_date/2018/5,"C:\Users\hotre\OneDrive\Desktop\Kaleo Website Bot\processed_content\Kaleo_Church_Anchorage,_AK__Sermons_from_May_2018.md"
https://www.kaleoalaska.org/sermons/_date/2018/6,"C:\Users\hotre\OneDrive\Desktop\Kaleo Website Bot\processed_content\Kaleo_Church_Anchorage,_AK__Sermons_from_June_2018.md"
https://www.kaleoalaska.org/sermons/_date/2018/7,"C:\Users\hotre\OneDrive\Desktop\Kaleo Website Bot\processed_content\Kaleo_Church_Anchorage,_AK__Sermons_from_July_2018.md"
https://www.kaleoalaska.org/sermons/page/7,"C:\Users\hotre\OneDrive\Desktop\Kaleo Website Bot\processed_content\Kaleo_Church_Anchorage,_AK__Sermons_16.md"
https://www.kaleoalaska.org/sermons/_date/2018/8,"C:\Users\hotre\OneDrive\Desktop\Kaleo Website Bot\processed_content\Kaleo_Church_Anchorage,_AK__Sermons_from_August_2018.md"
https://www.kaleoalaska.org/sermons/_date/2018/9,"C:\Users\hotre\OneDrive\Desktop\Kaleo Website Bot\processed_content\Kaleo_Church_Anchorage,_AK__Sermons_from_September_2018.md"
https://www.kaleoalaska.org/sermons/_date/2018/10,"C:\Users\hotre\OneDrive\Desktop\Kaleo Website Bot\processed_content\Kaleo_Church_Anchorage,_AK__Sermons_from_October_2018.md"
https://www.kaleoalaska.org/sermons/_date/2018/11,"C:\Users\hotre\OneDrive\Desktop\Kaleo Website Bot\processed_content\Kaleo_Church_Anchorage,_AK__Sermons_from_November_2018.md"
https://www.kaleoalaska.org/sermons/_date/2018/12,"C:\Users\hotre\OneDrive\Desktop\Kaleo Website Bot\processed_content\Kaleo_Church_Anchorage,_AK__Sermons_from_December_2018.md"
https://www.kaleoalaska.org/sermons/_date/2018,"C:\Users\hotre\OneDrive\Desktop\Kaleo Website Bot\processed_content\Kaleo_Church_Anchorage,_AK__Sermons_from_2018.md"
https://www.kaleoalaska.org/sermons/_date/2017/9,"C:\Users\hotre\OneDrive\Desktop\Kaleo Website Bot\processed_content\Kaleo_Church_Anchorage,_AK__Sermons_from_September_2017.md"
https://www.kaleoalaska.org/sermons/_date/2017/10,"C:\Users\hotre\OneDrive\Desktop\Kaleo Website Bot\processed_content\Kaleo_Church_Anchorage,_AK__Sermons_from_October_2017.md"
https://www.kaleoalaska.org/sermons/_date/2017/11,"C:\Users\hotre\OneDrive\Desktop\Kaleo Website Bot\processed_content\Kaleo_Church_Anchorage,_AK__Sermons_from_November_2017.md"
https://www.kaleoalaska.org/sermons/page/42,"C:\Users\hotre\OneDrive\Desktop\Kaleo Website Bot\processed_content\Kaleo_Church_Anchorage,_AK__Sermons_17.md"
https://www.kaleoalaska.org/sermons/_date/2017/12,"C:\Users\hotre\OneDrive\Desktop\Kaleo Website Bot\processed_content\Kaleo_Church_Anchorage,_AK__Sermons_from_December_2017.md"
https://www.kaleoalaska.org/sermons/_date/2017,"C:\Users\hotre\OneDrive\Desktop\Kaleo Website Bot\processed_content\Kaleo_Church_Anchorage,_AK__Sermons_from_2017.md"
https://www.kaleoalaska.org/sermons/_scripture/genesis,"C:\Users\hotre\OneDrive\Desktop\Kaleo Website Bot\processed_content\Kaleo_Church_Anchorage,_AK__Sermons_from_Genesis.md"
https://www.kaleoalaska.org/sermons/_scripture/exodus,"C:\Users\hotre\OneDrive\Desktop\Kaleo Website Bot\processed_content\Kaleo_Church_Anchorage,_AK__Sermons_from_Exodus.md"
https://www.kaleoalaska.org/sermons/_scripture/deuteronomy,"C:\Users\hotre\OneDrive\Desktop\Kaleo Website Bot\processed_content\Kaleo_Church_Anchorage,_AK__Sermons_from_Deuteronomy.md"
https://www.kaleoalaska.org/sermons/_scripture/1-samuel,"C:\Users\hotre\OneDrive\Desktop\Kaleo Website Bot\processed_content\Kaleo_Church_Anchorage,_AK__Sermons_from_1_Samuel.md"
https://www.kaleoalaska.org/sermons/_scripture/1-kings,"C:\Users\hotre\OneDrive\Desktop\Kaleo Website Bot\processed_content\Kaleo_Church_Anchorage,_AK__Sermons_from_1_Kings.md"
https://www.kaleoalaska.org/sermons/_scripture/job,"C:\Users\hotre\OneDrive\Desktop\Kaleo Website Bot\processed_content\Kaleo_Church_Anchorage,_AK__Sermons_from_Job.md"
https://www.kaleoalaska.org/sermons/_scripture/psalms,"C:\Users\hotre\OneDrive\Desktop\Kaleo Website Bot\processed_content\Kaleo_Church_Anchorage,_AK__Sermons_from_Psalms.md"
https://www.kaleoalaska.org/sermons/_scripture/proverbs,"C:\Users\hotre\OneDrive\Desktop\Kaleo Website Bot\processed_content\Kaleo_Church_Anchorage,_AK__Sermons_from_Proverbs.md"
https://www.kaleoalaska.org/sermons/series/this-is-kaleo-church,"C:\Users\hotre\OneDrive\Desktop\Kaleo Website Bot\processed_content\Kaleo_Church_Anchorage,_AK__This_is_Kaleo_Church_1.md"
https://www.kaleoalaska.org/sermons/_scripture/ecclesiastes,"C:\Users\hotre\OneDrive\Desktop\Kaleo Website Bot\processed_content\Kaleo_Church_Anchorage,_AK__Sermons_from_Ecclesiastes.md"
https://www.kaleoalaska.org/sermons/series/psalms:-summer-in-the-psalms,"C:\Users\hotre\OneDrive\Desktop\Kaleo Website Bot\processed_content\Kaleo_Church_Anchorage,_AK__Psalms_Summer_in_the_Psalms_1.md"
https://www.kaleoalaska.org/sermons/_scripture/isaiah,"C:\Users\hotre\OneDrive\Desktop\Kaleo Website Bot\processed_content\Kaleo_Church_Anchorage,_AK__Sermons_from_Isaiah.md"
https://www.kaleoalaska.org/sermons/_scripture/jeremiah,"C:\Users\hotre\OneDrive\Desktop\Kaleo Website Bot\processed_content\Kaleo_Church_Anchorage,_AK__Sermons_from_Jeremiah.md"
https://www.kaleoalaska.org/sermons/series/ephesians:-gods-master-plan-in-christ,"C:\Users\hotre\OneDrive\Desktop\Kaleo Website Bot\processed_content\Kaleo_Church_Anchorage,_AK__Ephesians_God's_Master_Plan_in_Christ_1.md"
https://www.kaleoalaska.org/sermons/_scripture/ezekiel,"C:\Users\hotre\OneDrive\Desktop\Kaleo Website Bot\processed_content\Kaleo_Church_Anchorage,_AK__Sermons_from_Ezekiel.md"
https://www.kaleoalaska.org/sermons/series/jesus:-the-greatest-gift-and-gift-giver,"C:\Users\hotre\OneDrive\Desktop\Kaleo Website Bot\processed_content\Kaleo_Church_Anchorage,_AK__Jesus_The_Greatest_Gift_and_Gift_Giver_1.md"
https://www.kaleoalaska.org/sermons/_scripture/hosea,"C:\Users\hotre\OneDrive\Desktop\Kaleo Website Bot\processed_content\Kaleo_Church_Anchorage,_AK__Sermons_from_Hosea.md"
https://www.kaleoalaska.org/sermons/_scripture/joel,"C:\Users\hotre\OneDrive\Desktop\Kaleo Website Bot\processed_content\Kaleo_Church_Anchorage,_AK__Sermons_from_Joel.md"
https://www.kaleoalaska.org/sermons/series/unshakeable-kingdom-citizens,"C:\Users\hotre\OneDrive\Desktop\Kaleo Website Bot\processed_content\Kaleo_Church_Anchorage,_AK__Unshakeable_Kingdom_Citizens_1.md"
https://www.kaleoalaska.org/sermons/_scripture/amos,"C:\Users\hotre\OneDrive\Desktop\Kaleo Website Bot\processed_content\Kaleo_Church_Anchorage,_AK__Sermons_from_Amos.md"
https://www.kaleoalaska.org/sermons/series/the-unseen-battle,"C:\Users\hotre\OneDrive\Desktop\Kaleo Website Bot\processed_content\Kaleo_Church_Anchorage,_AK__The_Unseen_Battle_1.md"
https://www.kaleoalaska.org/sermons/_scripture/obadiah,"C:\Users\hotre\OneDrive\Desktop\Kaleo Website Bot\processed_content\Kaleo_Church_Anchorage,_AK__Sermons_from_Obadiah.md"
https://www.kaleoalaska.org/sermons/series/-hashtagsforalllife,"C:\Users\hotre\OneDrive\Desktop\Kaleo Website Bot\processed_content\Kaleo_Church_Anchorage,_AK__#HashtagsForAllLife_1.md"
https://www.kaleoalaska.org/sermons/_scripture/jonah,"C:\Users\hotre\OneDrive\Desktop\Kaleo Website Bot\processed_content\Kaleo_Church_Anchorage,_AK__Sermons_from_Jonah.md"
https://www.kaleoalaska.org/sermons/series/from-grace-to-grace,"C:\Users\hotre\OneDrive\Desktop\Kaleo Website Bot\processed_content\Kaleo_Church_Anchorage,_AK__From_Grace_to_Grace_1.md"
https://www.kaleoalaska.org/sermons/_scripture/micah,"C:\Users\hotre\OneDrive\Desktop\Kaleo Website Bot\processed_content\Kaleo_Church_Anchorage,_AK__Sermons_from_Micah.md"
https://www.kaleoalaska.org/sermons/_scripture/nahum,"C:\Users\hotre\OneDrive\Desktop\Kaleo Website Bot\processed_content\Kaleo_Church_Anchorage,_AK__Sermons_from_Nahum.md"
https://www.kaleoalaska.org/sermons/series/that-you-may-believe,"C:\Users\hotre\OneDrive\Desktop\Kaleo Website Bot\processed_content\Kaleo_Church_Anchorage,_AK__That_You_May_Believe_1.md"
https://www.kaleoalaska.org/sermons/_scripture/habakkuk,"C:\Users\hotre\OneDrive\Desktop\Kaleo Website Bot\processed_content\Kaleo_Church_Anchorage,_AK__Sermons_from_Habakkuk.md"
https://www.kaleoalaska.org/sermons/series/return,"C:\Users\hotre\OneDrive\Desktop\Kaleo Website Bot\processed_content\Kaleo_Church_Anchorage,_AK__Return_1.md"
https://www.kaleoalaska.org/sermons/_scripture/zephaniah,"C:\Users\hotre\OneDrive\Desktop\Kaleo Website Bot\processed_content\Kaleo_Church_Anchorage,_AK__Sermons_from_Zephaniah.md"
https://www.kaleoalaska.org/sermons/_scripture/haggai,"C:\Users\hotre\OneDrive\Desktop\Kaleo Website Bot\processed_content\Kaleo_Church_Anchorage,_AK__Sermons_from_Haggai.md"
https://www.kaleoalaska.org/sermons/series/psalms-for-the-summer,"C:\Users\hotre\OneDrive\Desktop\Kaleo Website Bot\processed_content\Kaleo_Church_Anchorage,_AK__Psalms_for_the_Summer_1.md"
https://www.kaleoalaska.org/sermons/_scripture/zechariah,"C:\Users\hotre\OneDrive\Desktop\Kaleo Website Bot\processed_content\Kaleo_Church_Anchorage,_AK__Sermons_from_Zechariah.md"
https://www.kaleoalaska.org/sermons/series/thriving-in-exile-following-jesus-in-a-world-that-is-not-our-home,"C:\Users\hotre\OneDrive\Desktop\Kaleo Website Bot\processed_content\Kaleo_Church_Anchorage,_AK__Thriving_in_Exile_Following_Jesus_in_a_World_that_is_not_our_Home_1.md"
https://www.kaleoalaska.org/sermons/_scripture/malachi,"C:\Users\hotre\OneDrive\Desktop\Kaleo Website Bot\processed_content\Kaleo_Church_Anchorage,_AK__Sermons_from_Malachi.md"
https://www.kaleoalaska.org/sermons/_scripture/matthew,"C:\Users\hotre\OneDrive\Desktop\Kaleo Website Bot\processed_content\Kaleo_Church_Anchorage,_AK__Sermons_from_Matthew.md"
https://www.kaleoalaska.org/sermons/series/haggai-first-things-first,"C:\Users\hotre\OneDrive\Desktop\Kaleo Website Bot\processed_content\Kaleo_Church_Anchorage,_AK__Haggai_First_Things_First_1.md"
https://www.kaleoalaska.org/sermons/_scripture/mark,"C:\Users\hotre\OneDrive\Desktop\Kaleo Website Bot\processed_content\Kaleo_Church_Anchorage,_AK__Sermons_from_Mark.md"
https://www.kaleoalaska.org/sermons/series/gods-greatest-gift-the-promised-one,"C:\Users\hotre\OneDrive\Desktop\Kaleo Website Bot\processed_content\Kaleo_Church_Anchorage,_AK__God's_Greatest_Gift_The_Promised_One_1.md"
https://www.kaleoalaska.org/sermons/_scripture/luke,"C:\Users\hotre\OneDrive\Desktop\Kaleo Website Bot\processed_content\Kaleo_Church_Anchorage,_AK__Sermons_from_Luke.md"
https://www.kaleoalaska.org/sermons/series/acts-we-are-the-movement,"C:\Users\hotre\OneDrive\Desktop\Kaleo Website Bot\processed_content\Kaleo_Church_Anchorage,_AK__Acts_We_Are_the_Movement_1.md"
https://www.kaleoalaska.org/sermons/_scripture/john,"C:\Users\hotre\OneDrive\Desktop\Kaleo Website Bot\processed_content\Kaleo_Church_Anchorage,_AK__Sermons_from_John.md"
https://www.kaleoalaska.org/sermons/_scripture/acts,"C:\Users\hotre\OneDrive\Desktop\Kaleo Website Bot\processed_content\Kaleo_Church_Anchorage,_AK__Sermons_from_Acts.md"
https://www.kaleoalaska.org/sermons/series/advent-2020,"C:\Users\hotre\OneDrive\Desktop\Kaleo Website Bot\processed_content\Kaleo_Church_Anchorage,_AK__Advent_2020_1.md"
https://www.kaleoalaska.org/sermons/_scripture/romans,"C:\Users\hotre\OneDrive\Desktop\Kaleo Website Bot\processed_content\Kaleo_Church_Anchorage,_AK__Sermons_from_Romans.md"
https://www.kaleoalaska.org/sermons/series/lord-teach-us-to-pray,"C:\Users\hotre\OneDrive\Desktop\Kaleo Website Bot\processed_content\Kaleo_Church_Anchorage,_AK__Lord,_Teach_Us_to_Pray_1.md"
https://www.kaleoalaska.org/sermons/_scripture/1-corinthians,"C:\Users\hotre\OneDrive\Desktop\Kaleo Website Bot\processed_content\Kaleo_Church_Anchorage,_AK__Sermons_from_1_Corinthians.md"
https://www.kaleoalaska.org/sermons/series/habakkuk:-wrestling-with-god,"C:\Users\hotre\OneDrive\Desktop\Kaleo Website Bot\processed_content\Kaleo_Church_Anchorage,_AK__Habakkuk_Wrestling_With_God_1.md"
https://www.kaleoalaska.org/sermons/_scripture/2-corinthians,"C:\Users\hotre\OneDrive\Desktop\Kaleo Website Bot\processed_content\Kaleo_Church_Anchorage,_AK__Sermons_from_2_Corinthians.md"
https://www.kaleoalaska.org/sermons/_scripture/galatians,"C:\Users\hotre\OneDrive\Desktop\Kaleo Website Bot\processed_content\Kaleo_Church_Anchorage,_AK__Sermons_from_Galatians.md"
https://www.kaleoalaska.org/sermons/series/the-4-gs,"C:\Users\hotre\OneDrive\Desktop\Kaleo Website Bot\processed_content\Kaleo_Church_Anchorage,_AK__The_4_Gs_1.md"
https://www.kaleoalaska.org/sermons/_scripture/ephesians,"C:\Users\hotre\OneDrive\Desktop\Kaleo Website Bot\processed_content\Kaleo_Church_Anchorage,_AK__Sermons_from_Ephesians.md"
https://www.kaleoalaska.org/sermons/series/the-letters-of-john,"C:\Users\hotre\OneDrive\Desktop\Kaleo Website Bot\processed_content\Kaleo_Church_Anchorage,_AK__The_Letters_of_John_1.md"
https://www.kaleoalaska.org/sermons/_scripture/philippians,"C:\Users\hotre\OneDrive\Desktop\Kaleo Website Bot\processed_content\Kaleo_Church_Anchorage,_AK__Sermons_from_Philippians.md"
https://www.kaleoalaska.org/sermons/series/ecclesiastes:-a-critics-look-at-life-without-god,"C:\Users\hotre\OneDrive\Desktop\Kaleo Website Bot\processed_content\Kaleo_Church_Anchorage,_AK__Ecclesiastes_A_Critics_Look_at_Life_Without_God_1.md"
https://www.kaleoalaska.org/sermons/_scripture/colossians,"C:\Users\hotre\OneDrive\Desktop\Kaleo Website Bot\processed_content\Kaleo_Church_Anchorage,_AK__Sermons_from_Colossians.md"
https://www.kaleoalaska.org/sermons/series/made-for-mission,"C:\Users\hotre\OneDrive\Desktop\Kaleo Website Bot\processed_content\Kaleo_Church_Anchorage,_AK__Made_for_Mission_1.md"
https://www.kaleoalaska.org/sermons/_scripture/1-thessalonians,"C:\Users\hotre\OneDrive\Desktop\Kaleo Website Bot\processed_content\Kaleo_Church_Anchorage,_AK__Sermons_from_1_Thessalonians.md"
https://www.kaleoalaska.org/sermons/_scripture/2-thessalonians,"C:\Users\hotre\OneDrive\Desktop\Kaleo Website Bot\processed_content\Kaleo_Church_Anchorage,_AK__Sermons_from_2_Thessalonians.md"
https://www.kaleoalaska.org/sermons/series/know-go-knowing-and-following-jesus-gospel-of-mark,"C:\Users\hotre\OneDrive\Desktop\Kaleo Website Bot\processed_content\Kaleo_Church_Anchorage,_AK__Know_&_Go!_Knowing_and_following_Jesus_-_Gospel_of_Mark_1.md"
https://www.kaleoalaska.org/sermons/_scripture/1-timothy,"C:\Users\hotre\OneDrive\Desktop\Kaleo Website Bot\processed_content\Kaleo_Church_Anchorage,_AK__Sermons_from_1_Timothy.md"
https://www.kaleoalaska.org/sermons/series/we-are-the-church-membership-series,"C:\Users\hotre\OneDrive\Desktop\Kaleo Website Bot\processed_content\Kaleo_Church_Anchorage,_AK__We_are_the_Church_-_Membership_Series_1.md"
https://www.kaleoalaska.org/sermons/_scripture/titus,"C:\Users\hotre\OneDrive\Desktop\Kaleo Website Bot\processed_content\Kaleo_Church_Anchorage,_AK__Sermons_from_Titus.md"
https://www.kaleoalaska.org/sermons/_scripture/hebrews,"C:\Users\hotre\OneDrive\Desktop\Kaleo Website Bot\processed_content\Kaleo_Church_Anchorage,_AK__Sermons_from_Hebrews.md"
https://www.kaleoalaska.org/sermons/_date/2026/1,"C:\Users\hotre\OneDrive\Desktop\Kaleo Website Bot\processed_content\Kaleo_Church_Anchorage,_AK__Sermons_from_January_2026_1.md"
https://www.kaleoalaska.org/sermons/_scripture/1-peter,"C:\Users\hotre\OneDrive\Desktop\Kaleo Website Bot\processed_content\Kaleo_Church_Anchorage,_AK__Sermons_from_1_Peter.md"
https://www.kaleoalaska.org/sermons/_date/2026/2,"C:\Users\hotre\OneDrive\Desktop\Kaleo Website Bot\processed_content\Kaleo_Church_Anchorage,_AK__Sermons_from_February_2026_1.md"
https://www.kaleoalaska.org/sermons/_scripture/2-peter,"C:\Users\hotre\OneDrive\Desktop\Kaleo Website Bot\processed_content\Kaleo_Church_Anchorage,_AK__Sermons_from_2_Peter.md"
https://www.kaleoalaska.org/sermons/_date/2026,"C:\Users\hotre\OneDrive\Desktop\Kaleo Website Bot\processed_content\Kaleo_Church_Anchorage,_AK__Sermons_from_2026_1.md"
https://www.kaleoalaska.org/sermons/_scripture/1-john,"C:\Users\hotre\OneDrive\Desktop\Kaleo Website Bot\processed_content\Kaleo_Church_Anchorage,_AK__Sermons_from_1_John.md"
https://www.kaleoalaska.org/sermons/_scripture/2-john,"C:\Users\hotre\OneDrive\Desktop\Kaleo Website Bot\processed_content\Kaleo_Church_Anchorage,_AK__Sermons_from_2_John.md"
https://www.kaleoalaska.org/sermons/_date/2025/1,"C:\Users\hotre\OneDrive\Desktop\Kaleo Website Bot\processed_content\Kaleo_Church_Anchorage,_AK__Sermons_from_January_2025_1.md"
https://www.kaleoalaska.org/sermons/_scripture/3-john,"C:\Users\hotre\OneDrive\Desktop\Kaleo Website Bot\processed_content\Kaleo_Church_Anchorage,_AK__Sermons_from_3_John.md"
https://www.kaleoalaska.org/sermons/_date/2025/2,"C:\Users\hotre\OneDrive\Desktop\Kaleo Website Bot\processed_content\Kaleo_Church_Anchorage,_AK__Sermons_from_February_2025_1.md"
https://www.kaleoalaska.org/sermons/_scripture/jude,"C:\Users\hotre\OneDrive\Desktop\Kaleo Website Bot\processed_content\Kaleo_Church_Anchorage,_AK__Sermons_from_Jude.md"
https://www.kaleoalaska.org/sermons/_date/2025/3,"C:\Users\hotre\OneDrive\Desktop\Kaleo Website Bot\processed_content\Kaleo_Church_Anchorage,_AK__Sermons_from_March_2025_1.md"
https://www.kaleoalaska.org/sermons/_scripture/revelation,"C:\Users\hotre\OneDrive\Desktop\Kaleo Website Bot\processed_content\Kaleo_Church_Anchorage,_AK__Sermons_from_Revelation.md"
https://www.kaleoalaska.org/sermons/_date/2025/4,"C:\Users\hotre\OneDrive\Desktop\Kaleo Website Bot\processed_content\Kaleo_Church_Anchorage,_AK__Sermons_from_April_2025_1.md"
https://www.kaleoalaska.org/sermons/preacher/u/15/mark-bouman,"C:\Users\hotre\OneDrive\Desktop\Kaleo Website Bot\processed_content\Kaleo_Church_Anchorage,_AK__Sermons_by_Mark_Bouman.md"
https://www.kaleoalaska.org/sermons/_date/2025/5,"C:\Users\hotre\OneDrive\Desktop\Kaleo Website Bot\processed_content\Kaleo_Church_Anchorage,_AK__Sermons_from_May_2025_1.md"
https://www.kaleoalaska.org/sermons/preacher/u/12/dave-choi,"C:\Users\hotre\OneDrive\Desktop\Kaleo Website Bot\processed_content\Kaleo_Church_Anchorage,_AK__Sermons_by_Dave_Choi.md"
https://www.kaleoalaska.org/sermons/preacher/u/8/john-christy,"C:\Users\hotre\OneDrive\Desktop\Kaleo Website Bot\processed_content\Kaleo_Church_Anchorage,_AK__Sermons_by_John_Christy.md"
https://www.kaleoalaska.org/sermons/_date/2025/6,"C:\Users\hotre\OneDrive\Desktop\Kaleo Website Bot\processed_content\Kaleo_Church_Anchorage,_AK__Sermons_from_June_2025_1.md"
https://www.kaleoalaska.org/sermons/preacher/u/6/andy-clary,"C:\Users\hotre\OneDrive\Desktop\Kaleo Website Bot\processed_content\Kaleo_Church_Anchorage,_AK__Sermons_by_Andy_Clary.md"
https://www.kaleoalaska.org/sermons/_date/2025/7,"C:\Users\hotre\OneDrive\Desktop\Kaleo Website Bot\processed_content\Kaleo_Church_Anchorage,_AK__Sermons_from_July_2025_1.md"
https://www.kaleoalaska.org/sermons/preacher/u/9/aaron-coski,"C:\Users\hotre\OneDrive\Desktop\Kaleo Website Bot\processed_content\Kaleo_Church_Anchorage,_AK__Sermons_by_Aaron_Coski.md"
https://www.kaleoalaska.org/sermons/_date/2025/8,"C:\Users\hotre\OneDrive\Desktop\Kaleo Website Bot\processed_content\Kaleo_Church_Anchorage,_AK__Sermons_from_August_2025_1.md"
https://www.kaleoalaska.org/sermons/preacher/u/26/peter-doner,"C:\Users\hotre\OneDrive\Desktop\Kaleo Website Bot\processed_content\Kaleo_Church_Anchorage,_AK__Sermons_by_Peter_Doner.md"
https://www.kaleoalaska.org/sermons/_date/2025/9,"C:\Users\hotre\OneDrive\Desktop\Kaleo Website Bot\processed_content\Kaleo_Church_Anchorage,_AK__Sermons_from_September_2025_1.md"
https://www.kaleoalaska.org/sermons/preacher/u/14/brian-haack,"C:\Users\hotre\OneDrive\Desktop\Kaleo Website Bot\processed_content\Kaleo_Church_Anchorage,_AK__Sermons_by_Brian_Haack.md"
https://www.kaleoalaska.org/sermons/preacher/u/17/jon-hori,"C:\Users\hotre\OneDrive\Desktop\Kaleo Website Bot\processed_content\Kaleo_Church_Anchorage,_AK__Sermons_by_Jon_Hori.md"
https://www.kaleoalaska.org/sermons/_date/2025/10,"C:\Users\hotre\OneDrive\Desktop\Kaleo Website Bot\processed_content\Kaleo_Church_Anchorage,_AK__Sermons_from_October_2025_1.md"
https://www.kaleoalaska.org/sermons/preacher/u/1/chris-kopp,"C:\Users\hotre\OneDrive\Desktop\Kaleo Website Bot\processed_content\Kaleo_Church_Anchorage,_AK__Sermons_by_Chris_Kopp.md"
https://www.kaleoalaska.org/sermons/_date/2025/11,"C:\Users\hotre\OneDrive\Desktop\Kaleo Website Bot\processed_content\Kaleo_Church_Anchorage,_AK__Sermons_from_November_2025_1.md"
https://www.kaleoalaska.org/sermons/preacher/u/23/james-marchetti,"C:\Users\hotre\OneDrive\Desktop\Kaleo Website Bot\processed_content\Kaleo_Church_Anchorage,_AK__Sermons_by_James_Marchetti.md"
https://www.kaleoalaska.org/sermons/_date/2025/12,"C:\Users\hotre\OneDrive\Desktop\Kaleo Website Bot\processed_content\Kaleo_Church_Anchorage,_AK__Sermons_from_December_2025_1.md"
https://www.kaleoalaska.org/sermons/preacher/u/11/gene-mcconnell,"C:\Users\hotre\OneDrive\Desktop\Kaleo Website Bot\processed_content\Kaleo_Church_Anchorage,_AK__Sermons_by_Gene_McConnell.md"
https://www.kaleoalaska.org/sermons/preacher/u/16/kim-patterson,"C:\Users\hotre\OneDrive\Desktop\Kaleo Website Bot\processed_content\Kaleo_Church_Anchorage,_AK__Sermons_by_Kim_Patterson.md"
https://www.kaleoalaska.org/sermons/_date/2025,"C:\Users\hotre\OneDrive\Desktop\Kaleo Website Bot\processed_content\Kaleo_Church_Anchorage,_AK__Sermons_from_2025_1.md"
https://www.kaleoalaska.org/sermons/preacher/u/18/tyler-pease,"C:\Users\hotre\OneDrive\Desktop\Kaleo Website Bot\processed_content\Kaleo_Church_Anchorage,_AK__Sermons_by_Tyler_Pease.md"
https://www.kaleoalaska.org/sermons/preacher/u/19/david-pinckney,"C:\Users\hotre\OneDrive\Desktop\Kaleo Website Bot\processed_content\Kaleo_Church_Anchorage,_AK__Sermons_by_David_Pinckney.md"
https://www.kaleoalaska.org/sermons/_date/2024/1,"C:\Users\hotre\OneDrive\Desktop\Kaleo Website Bot\processed_content\Kaleo_Church_Anchorage,_AK__Sermons_from_January_2024_1.md"
https://www.kaleoalaska.org/sermons/preacher/u/5/caleb-richardson,"C:\Users\hotre\OneDrive\Desktop\Kaleo Website Bot\processed_content\Kaleo_Church_Anchorage,_AK__Sermons_by_Caleb_Richardson.md"
https://www.kaleoalaska.org/sermons/_date/2024/2,"C:\Users\hotre\OneDrive\Desktop\Kaleo Website Bot\processed_content\Kaleo_Church_Anchorage,_AK__Sermons_from_February_2024_1.md"
https://www.kaleoalaska.org/sermons/preacher/u/7/james-smallwood,"C:\Users\hotre\OneDrive\Desktop\Kaleo Website Bot\processed_content\Kaleo_Church_Anchorage,_AK__Sermons_by_James_Smallwood.md"
https://www.kaleoalaska.org/sermons/_date/2024/3,"C:\Users\hotre\OneDrive\Desktop\Kaleo Website Bot\processed_content\Kaleo_Church_Anchorage,_AK__Sermons_from_March_2024_1.md"
https://www.kaleoalaska.org/sermons/preacher/u/13/guest-speaker,"C:\Users\hotre\OneDrive\Desktop\Kaleo Website Bot\processed_content\Kaleo_Church_Anchorage,_AK__Sermons_by_Guest_Speaker.md"
https://www.kaleoalaska.org/sermons/_date/2024/4,"C:\Users\hotre\OneDrive\Desktop\Kaleo Website Bot\processed_content\Kaleo_Church_Anchorage,_AK__Sermons_from_April_2024_1.md"
https://www.kaleoalaska.org/sermons/preacher/u/25/brad-sutter,"C:\Users\hotre\OneDrive\Desktop\Kaleo Website Bot\processed_content\Kaleo_Church_Anchorage,_AK__Sermons_by_Brad_Sutter.md"
https://www.kaleoalaska.org/sermons/preacher/u/22/brian-wissehr,"C:\Users\hotre\OneDrive\Desktop\Kaleo Website Bot\processed_content\Kaleo_Church_Anchorage,_AK__Sermons_by_Brian_Wissehr.md"
https://www.kaleoalaska.org/sermons/_date/2024/5,"C:\Users\hotre\OneDrive\Desktop\Kaleo Website Bot\processed_content\Kaleo_Church_Anchorage,_AK__Sermons_from_May_2024_1.md"
https://www.kaleoalaska.org/sermons/preacher/u/10/kyong-yu,"C:\Users\hotre\OneDrive\Desktop\Kaleo Website Bot\processed_content\Kaleo_Church_Anchorage,_AK__Sermons_by_Kyong_Yu.md"
https://www.kaleoalaska.org/sermons/_date/2024/6,"C:\Users\hotre\OneDrive\Desktop\Kaleo Website Bot\processed_content\Kaleo_Church_Anchorage,_AK__Sermons_from_June_2024_1.md"
https://www.kaleoalaska.org/sermons/preacher/u/3/multiple-speakers-,"C:\Users\hotre\OneDrive\Desktop\Kaleo Website Bot\processed_content\Kaleo_Church_Anchorage,_AK__Sermons_by_Multiple_Speakers_.md"
https://www.kaleoalaska.org/sermons/_date/2024/7,"C:\Users\hotre\OneDrive\Desktop\Kaleo Website Bot\processed_content\Kaleo_Church_Anchorage,_AK__Sermons_from_July_2024_1.md"
https://www.kaleoalaska.org/sermons/preacher/u/31/ted-mcgovern,"C:\Users\hotre\OneDrive\Desktop\Kaleo Website Bot\processed_content\Kaleo_Church_Anchorage,_AK__Sermons_by_Ted_McGovern.md"
https://www.kaleoalaska.org/sermons/_date/2024/8,"C:\Users\hotre\OneDrive\Desktop\Kaleo Website Bot\processed_content\Kaleo_Church_Anchorage,_AK__Sermons_from_August_2024_1.md"
https://www.kaleoalaska.org/sermons/topic/adoption,"C:\Users\hotre\OneDrive\Desktop\Kaleo Website Bot\processed_content\Kaleo_Church_Anchorage,_AK__Adoption.md"
https://www.kaleoalaska.org/sermons/topic/christian-character,"C:\Users\hotre\OneDrive\Desktop\Kaleo Website Bot\processed_content\Kaleo_Church_Anchorage,_AK__Christian_Character.md"
https://www.kaleoalaska.org/sermons/_date/2024/9,"C:\Users\hotre\OneDrive\Desktop\Kaleo Website Bot\processed_content\Kaleo_Church_Anchorage,_AK__Sermons_from_September_2024_1.md"
